field_name,data_type,is_multi_entity,valid_types,description
selection_required,checkbox,False,,
title,text,False,,
url,text,False,,
list_order,number,False,,
entity_type,entity_type,False,,
poll_for_data_updates,checkbox,False,,
cached_display_name,text,False,,
created_at,date_time,False,,
projects,multi_entity,True,Project,
permissions_groups,multi_entity,True,PermissionRuleSet,
folder,text,False,,
created_by,entity,False,"HumanUser,ApiUser",
updated_by,entity,False,"HumanUser,ApiUser",
updated_at,date_time,False,,
secret_token,text,False,,
id,number,False,,
open_in_overlay,checkbox,False,,
light_payload,checkbox,False,,
add_btn_behavior,list,False,,
signature_algorithm,list,False,,
