field_name,data_type,is_multi_entity,valid_types,description
projects,multi_entity,True,Project,
image_blur_hash,text,False,,
cached_display_name,text,False,,
filmstrip_image,image,False,,
id,number,False,,
image_source_entity,entity,False,"ApiUser,AppWelcome,Asset,Attachment,Banner,Booking,ClientUser,Composition,Contract,Cut,CutItem,Department,Episode,Group,HumanUser,Icon,Level,LocalStorage,MocapPass,MocapSetup,MocapTake,MocapTakeRange,Note,Page,Performer,PermissionRuleSet,Phase,PipelineConfiguration,Playlist,Project,PublishedFile,PublishedFileDependency,PublishedFileType,Routine,RvLicense,Sequence,Shot,Software,Status,Step,Tag,Task,TaskTemplate,Version",
updated_at,date_time,False,,
created_by,entity,False,"HumanUser,ApiUser",
permission_rule_set,entity,False,PermissionRuleSet,
lastname,text,False,,
firstname,text,False,,
updated_by,entity,False,"HumanUser,ApiUser",
description,text,False,,
tags,multi_entity,True,Tag,
salted_password,text,False,,
image,image,False,,
generate_event_log_entries,checkbox,False,,
email,text,False,,
created_at,date_time,False,,
