field_name,data_type,is_multi_entity,valid_types,description
mocap_takes,multi_entity,True,MocapTake,
task_template,entity,False,TaskTemplate,
step_0,pivot_column,False,,
addressings_cc,multi_entity,True,"Group,HumanUser",
cached_display_name,text,False,,
filmstrip_image,image,False,,
image_blur_hash,text,False,,
sg_client_name,text,False,,
sg_keep,checkbox,False,,
sg_versions,multi_entity,True,Version,
sg_published_files,multi_entity,True,PublishedFile,
episodes,multi_entity,True,Episode,
levels,multi_entity,True,Level,
id,number,False,,
sg_mvl_client_name,text,False,,
image_source_entity,entity,False,"ApiUser,AppWelcome,Asset,Attachment,Banner,Booking,ClientUser,Composition,Contract,Cut,CutItem,Department,Episode,Group,HumanUser,Icon,Level,LocalStorage,MocapPass,MocapSetup,MocapTake,MocapTakeRange,Note,Page,Performer,PermissionRuleSet,Phase,PipelineConfiguration,Playlist,Project,PublishedFile,PublishedFileDependency,PublishedFileType,Routine,RvLicense,Sequence,Shot,Software,Status,Step,Tag,Task,TaskTemplate,Version",
sg_outsource,checkbox,False,,
sg_creative_brief,url,False,,
sg_vendor_groups,multi_entity,True,Group,
sg_category,text,False,,
linked_projects,multi_entity,True,Project,
notes,multi_entity,True,Note,
open_notes,multi_entity,True,Note,
open_notes_count,summary,False,,
sequences,multi_entity,True,Sequence,
updated_at,date_time,False,,
parents,multi_entity,True,Asset,
code,text,False,,
project,entity,False,Project,
assets,multi_entity,True,Asset,
created_by,entity,False,"HumanUser,ApiUser",
updated_by,entity,False,"HumanUser,ApiUser",
description,text,False,,
tags,multi_entity,True,Tag,
tasks,multi_entity,True,Task,
shots,multi_entity,True,Shot,
image,image,False,,
created_at,date_time,False,,
step_15,pivot_column,False,,
step_144,pivot_column,False,,
step_13,pivot_column,False,,
step_143,pivot_column,False,,
step_130,pivot_column,False,,
step_131,pivot_column,False,,
step_132,pivot_column,False,,
step_137,pivot_column,False,,
step_14,pivot_column,False,,
step_16,pivot_column,False,,
step_32,pivot_column,False,,
step_129,pivot_column,False,,
sg_asset_type,list,False,,
sg_status_list,status_list,False,,
