{
  "asset": {
    "name": {
      "value": "Asset",
      "editable": true
    },
    "description": {
      "value": "",
      "editable": true
    },
    "custom_metadata": {
      "value": "",
      "editable": true
    },
    "entity_type": {
      "value": "AssetBlendshapeConnection",
      "editable": false
    },
    "data_type": {
      "value": "entity",
      "editable": false
    },
    "editable": {
      "value": false,
      "editable": false
    },
    "mandatory": {
      "value": false,
      "editable": false
    },
    "unique": {
      "value": false,
      "editable": false
    },
    "properties": {
      "default_value": {
        "value": null,
        "editable": false
      },
      "summary_default": {
        "value": "none",
        "editable": false
      },
      "valid_types": {
        "value": [
          "Asset"
        ],
        "editable": false
      }
    },
    "visible": {
      "value": true,
      "editable": false
    },
    "ui_value_displayable": {
      "value": true,
      "editable": false
    }
  },
  "blendshape": {
    "name": {
      "value": "Blendshape",
      "editable": true
    },
    "description": {
      "value": "",
      "editable": true
    },
    "custom_metadata": {
      "value": "",
      "editable": true
    },
    "entity_type": {
      "value": "AssetBlendshapeConnection",
      "editable": false
    },
    "data_type": {
      "value": "entity",
      "editable": false
    },
    "editable": {
      "value": false,
      "editable": false
    },
    "mandatory": {
      "value": false,
      "editable": false
    },
    "unique": {
      "value": false,
      "editable": false
    },
    "properties": {
      "default_value": {
        "value": null,
        "editable": false
      },
      "summary_default": {
        "value": "none",
        "editable": false
      },
      "valid_types": {
        "value": [],
        "editable": false
      }
    },
    "visible": {
      "value": true,
      "editable": false
    },
    "ui_value_displayable": {
      "value": true,
      "editable": false
    }
  },
  "cached_display_name": {
    "name": {
      "value": "Cached Display Name",
      "editable": true
    },
    "description": {
      "value": "",
      "editable": true
    },
    "custom_metadata": {
      "value": "",
      "editable": true
    },
    "entity_type": {
      "value": "AssetBlendshapeConnection",
      "editable": false
    },
    "data_type": {
      "value": "text",
      "editable": false
    },
    "editable": {
      "value": true,
      "editable": false
    },
    "mandatory": {
      "value": false,
      "editable": false
    },
    "unique": {
      "value": false,
      "editable": false
    },
    "properties": {
      "default_value": {
        "value": null,
        "editable": false
      },
      "summary_default": {
        "value": "none",
        "editable": false
      }
    },
    "visible": {
      "value": true,
      "editable": false
    },
    "ui_value_displayable": {
      "value": false,
      "editable": false
    }
  },
  "id": {
    "name": {
      "value": "Id",
      "editable": true
    },
    "description": {
      "value": "",
      "editable": true
    },
    "custom_metadata": {
      "value": "",
      "editable": true
    },
    "entity_type": {
      "value": "AssetBlendshapeConnection",
      "editable": false
    },
    "data_type": {
      "value": "number",
      "editable": false
    },
    "editable": {
      "value": false,
      "editable": false
    },
    "mandatory": {
      "value": true,
      "editable": false
    },
    "unique": {
      "value": false,
      "editable": false
    },
    "properties": {
      "default_value": {
        "value": null,
        "editable": false
      },
      "summary_default": {
        "value": "none",
        "editable": false
      }
    },
    "visible": {
      "value": true,
      "editable": false
    },
    "ui_value_displayable": {
      "value": true,
      "editable": false
    }
  }
}