field_name,data_type,is_multi_entity,valid_types,description
file_size,number,False,,
task_template,entity,False,TaskTemplate,
attachment_reference_links,multi_entity,True,"Asset,Sequence,Shot,Version",
cached_display_name,text,False,,
filmstrip_image,image,False,,
original_fname,text,False,,
open_notes_count,summary,False,,
id,number,False,,
image_blur_hash,text,False,,
image_source_entity,entity,False,"ApiUser,AppWelcome,Asset,Attachment,Banner,Booking,ClientUser,Composition,Contract,Cut,CutItem,Department,Episode,Group,HumanUser,Icon,Level,LocalStorage,MocapPass,MocapSetup,MocapTake,MocapTakeRange,Note,Page,Performer,PermissionRuleSet,Phase,PipelineConfiguration,Playlist,Project,PublishedFile,PublishedFileDependency,PublishedFileType,Routine,RvLicense,Sequence,Shot,Software,Status,Step,Tag,Task,TaskTemplate,Version",
attachment_links,multi_entity,True,"Asset,Sequence,Shot,Version,Note,PipelineConfiguration",
processing_status,list,False,,
this_file,url,False,,
updated_at,date_time,False,,
open_notes,multi_entity,True,Note,
created_by,entity,False,"HumanUser,ApiUser",
project,entity,False,Project,
sg_status_list,status_list,False,,
updated_by,entity,False,"HumanUser,ApiUser",
notes,multi_entity,True,Note,
file_extension,text,False,,
description,text,False,,
filename,text,False,,
tags,multi_entity,True,Tag,
display_name,text,False,,
sg_type,text,False,,
image,image,False,,
created_at,date_time,False,,
metadata,text,False,,
