field_name,data_type,is_multi_entity,valid_types,description
user,entity,False,HumanUser,
start_date,date,False,,
end_date,date,False,,
note,text,False,,
vacation,checkbox,False,,
cached_display_name,text,False,,
created_by,entity,False,"HumanUser,ApiUser",
updated_by,entity,False,"HumanUser,ApiUser",
created_at,date_time,False,,
updated_at,date_time,False,,
id,number,False,,
project,entity,False,Project,
percent_allocation,percent,False,,
sg_status_list,status_list,False,,
notes,multi_entity,True,Note,
open_notes,multi_entity,True,Note,
open_notes_count,summary,False,,
