field_name,data_type,is_multi_entity,valid_types,description
firstname,text,False,,
lastname,text,False,,
name,text,False,,
email,text,False,,
password_proxy,password,False,,
password_change_next_login,checkbox,False,,
password_strength,float,False,,
created_by,entity,False,"HumanUser,ApiUser",
updated_by,entity,False,"HumanUser,ApiUser",
cached_display_name,text,False,,
locked_until,date_time,False,,
sg_status_list,status_list,False,,
created_at,date_time,False,,
updated_at,date_time,False,,
email_client_review_site_comments,checkbox,False,,
email_client_review_site_new_versions,checkbox,False,,
email_client_review_site_version_approved,checkbox,False,,
id,number,False,,
tags,multi_entity,True,Tag,
image_blur_hash,text,False,,
language,list,False,,
image,image,False,,
image_source_entity,entity,False,"ApiUser,AppWelcome,Asset,Attachment,Banner,Booking,ClientUser,Composition,Contract,Cut,CutItem,Department,Episode,Group,HumanUser,Icon,Level,LocalStorage,MocapPass,MocapSetup,MocapTake,MocapTakeRange,Note,Page,Performer,PermissionRuleSet,Phase,PipelineConfiguration,Playlist,Project,PublishedFile,PublishedFileDependency,PublishedFileType,Routine,RvLicense,Sequence,Shot,Software,Status,Step,Tag,Task,TaskTemplate,Version",
