field_name,data_type,is_multi_entity,valid_types,description
image_blur_hash,text,False,,
id,number,False,,
code,text,False,,
description,text,False,,
image,image,False,,
filmstrip_image,image,False,,
project,entity,False,Project,
tags,multi_entity,True,Tag,
created_at,date_time,False,,
updated_at,date_time,False,,
created_by,entity,False,"HumanUser,ApiUser",
updated_by,entity,False,"HumanUser,ApiUser",
cached_display_name,text,False,,
content,entity,False,Attachment,
composition_links,multi_entity,True,"Attachment,Asset,Shot",
image_source_entity,entity,False,"ApiUser,AppWelcome,Asset,Attachment,Banner,Booking,ClientUser,Composition,Contract,Cut,CutItem,Department,Episode,Group,HumanUser,Icon,Level,LocalStorage,MocapPass,MocapSetup,MocapTake,MocapTakeRange,Note,Page,Performer,PermissionRuleSet,Phase,PipelineConfiguration,Playlist,Project,PublishedFile,PublishedFileDependency,PublishedFileType,Routine,RvLicense,Sequence,Shot,Software,Status,Step,Tag,Task,TaskTemplate,Version",
