field_name,data_type,is_multi_entity,valid_types,description
cached_display_name,text,False,,
filmstrip_image,image,False,,
revision_number,number,False,,
timecode_start_text,text,False,,
timecode_end_text,text,False,,
version,entity,False,Version,
sg_status_list,status_list,False,,
attachments,multi_entity,True,Attachment,
cut_items,multi_entity,True,CutItem,
duration,number,False,,
fps,float,False,,
entity,entity,False,"Sequence,Episode",
id,number,False,,
image_source_entity,entity,False,"ApiUser,AppWelcome,Asset,Attachment,Banner,Booking,ClientUser,Composition,Contract,Cut,CutItem,Department,Episode,Group,HumanUser,Icon,Level,LocalStorage,MocapPass,MocapSetup,MocapTake,MocapTakeRange,Note,Page,Performer,PermissionRuleSet,Phase,PipelineConfiguration,Playlist,Project,PublishedFile,PublishedFileDependency,PublishedFileType,Routine,RvLicense,Sequence,Shot,Software,Status,Step,Tag,Task,TaskTemplate,Version",
updated_at,date_time,False,,
code,text,False,,
sg_cut_type,list,False,,
image_blur_hash,text,False,,
created_by,entity,False,"HumanUser,ApiUser",
project,entity,False,Project,
updated_by,entity,False,"HumanUser,ApiUser",
description,text,False,,
notes,multi_entity,True,Note,
open_notes,multi_entity,True,Note,
open_notes_count,summary,False,,
tags,multi_entity,True,Tag,
image,image,False,,
created_at,date_time,False,,
