field_name,data_type,is_multi_entity,valid_types,description
cached_display_name,text,False,,
filmstrip_image,image,False,,
cut,entity,False,Cut,
cut_order,number,False,,
edit_in,number,False,,
edit_out,number,False,,
shot,entity,False,Shot,
cut_item_in,number,False,,
cut_item_out,number,False,,
cut_item_duration,number,False,,
timecode_edit_in_text,text,False,,
timecode_edit_out_text,text,False,,
timecode_cut_item_in_text,text,False,,
timecode_cut_item_out_text,text,False,,
version,entity,False,Version,
id,number,False,,
image_source_entity,entity,False,"ApiUser,AppWelcome,Asset,Attachment,Banner,Booking,ClientUser,Composition,Contract,Cut,CutItem,Department,Episode,Group,HumanUser,Icon,Level,LocalStorage,MocapPass,MocapSetup,MocapTake,MocapTakeRange,Note,Page,Performer,PermissionRuleSet,Phase,PipelineConfiguration,Playlist,Project,PublishedFile,PublishedFileDependency,PublishedFileType,Routine,RvLicense,Sequence,Shot,Software,Status,Step,Tag,Task,TaskTemplate,Version",
image_blur_hash,text,False,,
updated_at,date_time,False,,
code,text,False,,
created_by,entity,False,"HumanUser,ApiUser",
project,entity,False,Project,
updated_by,entity,False,"HumanUser,ApiUser",
description,text,False,,
tags,multi_entity,True,Tag,
image,image,False,,
created_at,date_time,False,,
