field_name,data_type,is_multi_entity,valid_types,description
created_at,date_time,False,,
updated_at,date_time,False,,
created_by,entity,False,"HumanUser,ApiUser",
updated_by,entity,False,"HumanUser,ApiUser",
cached_display_name,text,False,,
sequences,multi_entity,True,Sequence,
sg_status_list,status_list,False,,
assets,multi_entity,True,Asset,
cuts,multi_entity,True,Cut,
description,text,False,,
code,text,False,,
project,entity,False,Project,
id,number,False,,
tags,multi_entity,True,Tag,
image,image,False,,
image_source_entity,entity,False,"ApiUser,AppWelcome,Asset,Attachment,Banner,Booking,ClientUser,Composition,Contract,Cut,CutItem,Department,Episode,Group,HumanUser,Icon,Level,LocalStorage,MocapPass,MocapSetup,MocapTake,MocapTakeRange,Note,Page,Performer,PermissionRuleSet,Phase,PipelineConfiguration,Playlist,Project,PublishedFile,PublishedFileDependency,PublishedFileType,Routine,RvLicense,Sequence,Shot,Software,Status,Step,Tag,Task,TaskTemplate,Version",
image_blur_hash,text,False,,
notes,multi_entity,True,Note,
open_notes,multi_entity,True,Note,
open_notes_count,summary,False,,
