{
  "session_uuid": {
    "name": {
      "value": "Session UUID",
      "editable": true
    },
    "description": {
      "value": "",
      "editable": true
    },
    "custom_metadata": {
      "value": "",
      "editable": true
    },
    "entity_type": {
      "value": "EventLogEntry",
      "editable": false
    },
    "data_type": {
      "value": "uuid",
      "editable": false
    },
    "editable": {
      "value": false,
      "editable": false
    },
    "mandatory": {
      "value": false,
      "editable": false
    },
    "unique": {
      "value": false,
      "editable": false
    },
    "properties": {
      "default_value": {
        "value": null,
        "editable": false
      },
      "summary_default": {
        "value": "none",
        "editable": false
      }
    },
    "visible": {
      "value": true,
      "editable": false
    },
    "ui_value_displayable": {
      "value": false,
      "editable": false
    }
  },
  "cached_display_name": {
    "name": {
      "value": "Cached Display Name",
      "editable": true
    },
    "description": {
      "value": "",
      "editable": true
    },
    "custom_metadata": {
      "value": "",
      "editable": true
    },
    "entity_type": {
      "value": "EventLogEntry",
      "editable": false
    },
    "data_type": {
      "value": "text",
      "editable": false
    },
    "editable": {
      "value": false,
      "editable": false
    },
    "mandatory": {
      "value": false,
      "editable": false
    },
    "unique": {
      "value": false,
      "editable": false
    },
    "properties": {
      "default_value": {
        "value": null,
        "editable": false
      },
      "summary_default": {
        "value": "none",
        "editable": false
      }
    },
    "visible": {
      "value": true,
      "editable": false
    },
    "ui_value_displayable": {
      "value": false,
      "editable": false
    }
  },
  "filmstrip_image": {
    "name": {
      "value": "Filmstrip Thumbnail",
      "editable": true
    },
    "description": {
      "value": "",
      "editable": true
    },
    "custom_metadata": {
      "value": "",
      "editable": true
    },
    "entity_type": {
      "value": "EventLogEntry",
      "editable": false
    },
    "data_type": {
      "value": "image",
      "editable": false
    },
    "editable": {
      "value": false,
      "editable": false
    },
    "mandatory": {
      "value": false,
      "editable": false
    },
    "unique": {
      "value": false,
      "editable": false
    },
    "properties": {
      "default_value": {
        "value": null,
        "editable": false
      },
      "summary_default": {
        "value": "none",
        "editable": true
      },
      "image_sorts": {
        "value": null,
        "editable": false
      },
      "image_use_query": {
        "value": false,
        "editable": false
      },
      "render_method": {
        "value": null,
        "editable": false
      },
      "allowed_render_methods": {
        "value": null,
        "editable": false
      }
    },
    "visible": {
      "value": true,
      "editable": false
    },
    "ui_value_displayable": {
      "value": false,
      "editable": false
    }
  },
  "id": {
    "name": {
      "value": "Id",
      "editable": true
    },
    "description": {
      "value": "",
      "editable": true
    },
    "custom_metadata": {
      "value": "",
      "editable": true
    },
    "entity_type": {
      "value": "EventLogEntry",
      "editable": false
    },
    "data_type": {
      "value": "number",
      "editable": false
    },
    "editable": {
      "value": false,
      "editable": false
    },
    "mandatory": {
      "value": false,
      "editable": false
    },
    "unique": {
      "value": false,
      "editable": false
    },
    "properties": {
      "default_value": {
        "value": null,
        "editable": false
      },
      "summary_default": {
        "value": "none",
        "editable": true
      }
    },
    "visible": {
      "value": true,
      "editable": false
    },
    "ui_value_displayable": {
      "value": true,
      "editable": false
    }
  },
  "image_source_entity": {
    "name": {
      "value": "Image Source Entity",
      "editable": true
    },
    "description": {
      "value": "",
      "editable": true
    },
    "custom_metadata": {
      "value": "",
      "editable": true
    },
    "entity_type": {
      "value": "EventLogEntry",
      "editable": false
    },
    "data_type": {
      "value": "entity",
      "editable": false
    },
    "editable": {
      "value": false,
      "editable": false
    },
    "mandatory": {
      "value": false,
      "editable": false
    },
    "unique": {
      "value": false,
      "editable": false
    },
    "properties": {
      "default_value": {
        "value": null,
        "editable": false
      },
      "summary_default": {
        "value": "none",
        "editable": false
      },
      "valid_types": {
        "value": [
          "ApiUser",
          "AppWelcome",
          "Asset",
          "Attachment",
          "Banner",
          "Booking",
          "ClientUser",
          "Composition",
          "Contract",
          "Cut",
          "CutItem",
          "Department",
          "Episode",
          "Group",
          "HumanUser",
          "Icon",
          "Level",
          "LocalStorage",
          "MocapPass",
          "MocapSetup",
          "MocapTake",
          "MocapTakeRange",
          "Note",
          "Page",
          "Performer",
          "PermissionRuleSet",
          "Phase",
          "PipelineConfiguration",
          "Playlist",
          "Project",
          "PublishedFile",
          "PublishedFileDependency",
          "PublishedFileType",
          "Routine",
          "RvLicense",
          "Sequence",
          "Shot",
          "Software",
          "Status",
          "Step",
          "Tag",
          "Task",
          "TaskTemplate",
          "Version"
        ],
        "editable": false
      }
    },
    "visible": {
      "value": true,
      "editable": false
    },
    "ui_value_displayable": {
      "value": false,
      "editable": false
    }
  },
  "image_blur_hash": {
    "name": {
      "value": "Thumbnail Blur Hash",
      "editable": true
    },
    "description": {
      "value": "",
      "editable": true
    },
    "custom_metadata": {
      "value": "",
      "editable": true
    },
    "entity_type": {
      "value": "EventLogEntry",
      "editable": false
    },
    "data_type": {
      "value": "text",
      "editable": false
    },
    "editable": {
      "value": false,
      "editable": false
    },
    "mandatory": {
      "value": false,
      "editable": false
    },
    "unique": {
      "value": false,
      "editable": false
    },
    "properties": {
      "default_value": {
        "value": null,
        "editable": false
      },
      "summary_default": {
        "value": "none",
        "editable": false
      }
    },
    "visible": {
      "value": true,
      "editable": false
    },
    "ui_value_displayable": {
      "value": false,
      "editable": false
    }
  },
  "user": {
    "name": {
      "value": "Who",
      "editable": true
    },
    "description": {
      "value": "",
      "editable": true
    },
    "custom_metadata": {
      "value": "",
      "editable": true
    },
    "entity_type": {
      "value": "EventLogEntry",
      "editable": false
    },
    "data_type": {
      "value": "entity",
      "editable": false
    },
    "editable": {
      "value": false,
      "editable": false
    },
    "mandatory": {
      "value": false,
      "editable": false
    },
    "unique": {
      "value": false,
      "editable": false
    },
    "properties": {
      "default_value": {
        "value": null,
        "editable": false
      },
      "summary_default": {
        "value": "none",
        "editable": true
      },
      "valid_types": {
        "value": [
          "HumanUser",
          "ApiUser"
        ],
        "editable": true
      }
    },
    "visible": {
      "value": true,
      "editable": false
    },
    "ui_value_displayable": {
      "value": true,
      "editable": false
    }
  },
  "project": {
    "name": {
      "value": "Project",
      "editable": true
    },
    "description": {
      "value": "",
      "editable": true
    },
    "custom_metadata": {
      "value": "",
      "editable": true
    },
    "entity_type": {
      "value": "EventLogEntry",
      "editable": false
    },
    "data_type": {
      "value": "entity",
      "editable": false
    },
    "editable": {
      "value": false,
      "editable": false
    },
    "mandatory": {
      "value": false,
      "editable": false
    },
    "unique": {
      "value": false,
      "editable": false
    },
    "properties": {
      "default_value": {
        "value": null,
        "editable": false
      },
      "summary_default": {
        "value": "none",
        "editable": true
      },
      "valid_types": {
        "value": [
          "Project"
        ],
        "editable": true
      }
    },
    "visible": {
      "value": true,
      "editable": false
    },
    "ui_value_displayable": {
      "value": true,
      "editable": false
    }
  },
  "entity": {
    "name": {
      "value": "Link",
      "editable": true
    },
    "description": {
      "value": "",
      "editable": true
    },
    "custom_metadata": {
      "value": "",
      "editable": true
    },
    "entity_type": {
      "value": "EventLogEntry",
      "editable": false
    },
    "data_type": {
      "value": "entity",
      "editable": false
    },
    "editable": {
      "value": false,
      "editable": false
    },
    "mandatory": {
      "value": false,
      "editable": false
    },
    "unique": {
      "value": false,
      "editable": false
    },
    "properties": {
      "default_value": {
        "value": null,
        "editable": false
      },
      "summary_default": {
        "value": "none",
        "editable": true
      },
      "valid_types": {
        "value": [
          "ApiUser",
          "AppWelcome",
          "Asset",
          "Attachment",
          "Banner",
          "Booking",
          "ClientUser",
          "Composition",
          "Contract",
          "Cut",
          "CutItem",
          "Department",
          "Episode",
          "Group",
          "HumanUser",
          "Icon",
          "Level",
          "LocalStorage",
          "MocapPass",
          "MocapSetup",
          "MocapTake",
          "MocapTakeRange",
          "Note",
          "Page",
          "Performer",
          "PermissionRuleSet",
          "Phase",
          "PipelineConfiguration",
          "Playlist",
          "Project",
          "PublishedFile",
          "PublishedFileDependency",
          "PublishedFileType",
          "Routine",
          "RvLicense",
          "Sequence",
          "Shot",
          "Software",
          "Status",
          "Step",
          "Tag",
          "Task",
          "TaskTemplate",
          "Version"
        ],
        "editable": true
      }
    },
    "visible": {
      "value": true,
      "editable": false
    },
    "ui_value_displayable": {
      "value": true,
      "editable": false
    }
  },
  "meta": {
    "name": {
      "value": "Meta Data",
      "editable": true
    },
    "description": {
      "value": "",
      "editable": true
    },
    "custom_metadata": {
      "value": "",
      "editable": true
    },
    "entity_type": {
      "value": "EventLogEntry",
      "editable": false
    },
    "data_type": {
      "value": "serializable",
      "editable": false
    },
    "editable": {
      "value": false,
      "editable": false
    },
    "mandatory": {
      "value": false,
      "editable": false
    },
    "unique": {
      "value": false,
      "editable": false
    },
    "properties": {
      "default_value": {
        "value": null,
        "editable": false
      },
      "summary_default": {
        "value": "none",
        "editable": true
      }
    },
    "visible": {
      "value": true,
      "editable": false
    },
    "ui_value_displayable": {
      "value": true,
      "editable": false
    }
  },
  "description": {
    "name": {
      "value": "Event Summary",
      "editable": true
    },
    "description": {
      "value": "",
      "editable": true
    },
    "custom_metadata": {
      "value": "",
      "editable": true
    },
    "entity_type": {
      "value": "EventLogEntry",
      "editable": false
    },
    "data_type": {
      "value": "text",
      "editable": false
    },
    "editable": {
      "value": false,
      "editable": false
    },
    "mandatory": {
      "value": true,
      "editable": false
    },
    "unique": {
      "value": false,
      "editable": false
    },
    "properties": {
      "default_value": {
        "value": null,
        "editable": false
      },
      "summary_default": {
        "value": "none",
        "editable": true
      }
    },
    "visible": {
      "value": true,
      "editable": false
    },
    "ui_value_displayable": {
      "value": true,
      "editable": false
    }
  },
  "attribute_name": {
    "name": {
      "value": "Attribute Name",
      "editable": true
    },
    "description": {
      "value": "",
      "editable": true
    },
    "custom_metadata": {
      "value": "",
      "editable": true
    },
    "entity_type": {
      "value": "EventLogEntry",
      "editable": false
    },
    "data_type": {
      "value": "text",
      "editable": false
    },
    "editable": {
      "value": false,
      "editable": false
    },
    "mandatory": {
      "value": false,
      "editable": false
    },
    "unique": {
      "value": false,
      "editable": false
    },
    "properties": {
      "default_value": {
        "value": null,
        "editable": false
      },
      "summary_default": {
        "value": "none",
        "editable": true
      }
    },
    "visible": {
      "value": true,
      "editable": false
    },
    "ui_value_displayable": {
      "value": true,
      "editable": false
    }
  },
  "event_type": {
    "name": {
      "value": "Event Type",
      "editable": true
    },
    "description": {
      "value": "",
      "editable": true
    },
    "custom_metadata": {
      "value": "",
      "editable": true
    },
    "entity_type": {
      "value": "EventLogEntry",
      "editable": false
    },
    "data_type": {
      "value": "text",
      "editable": false
    },
    "editable": {
      "value": false,
      "editable": false
    },
    "mandatory": {
      "value": false,
      "editable": false
    },
    "unique": {
      "value": false,
      "editable": false
    },
    "properties": {
      "default_value": {
        "value": null,
        "editable": false
      },
      "summary_default": {
        "value": "none",
        "editable": true
      }
    },
    "visible": {
      "value": true,
      "editable": false
    },
    "ui_value_displayable": {
      "value": true,
      "editable": false
    }
  },
  "image": {
    "name": {
      "value": "Thumbnail",
      "editable": true
    },
    "description": {
      "value": "",
      "editable": true
    },
    "custom_metadata": {
      "value": "",
      "editable": true
    },
    "entity_type": {
      "value": "EventLogEntry",
      "editable": false
    },
    "data_type": {
      "value": "image",
      "editable": false
    },
    "editable": {
      "value": false,
      "editable": false
    },
    "mandatory": {
      "value": false,
      "editable": false
    },
    "unique": {
      "value": false,
      "editable": false
    },
    "properties": {
      "default_value": {
        "value": null,
        "editable": false
      },
      "summary_default": {
        "value": "none",
        "editable": true
      },
      "image_sorts": {
        "value": null,
        "editable": false
      },
      "image_use_query": {
        "value": false,
        "editable": false
      },
      "render_method": {
        "value": "use_uploaded_image",
        "editable": false
      },
      "allowed_render_methods": {
        "value": [
          "use_uploaded_image",
          "use_image_query"
        ],
        "editable": false
      }
    },
    "visible": {
      "value": true,
      "editable": false
    },
    "ui_value_displayable": {
      "value": true,
      "editable": false
    }
  },
  "created_at": {
    "name": {
      "value": "Date Created",
      "editable": true
    },
    "description": {
      "value": "",
      "editable": true
    },
    "custom_metadata": {
      "value": "",
      "editable": true
    },
    "entity_type": {
      "value": "EventLogEntry",
      "editable": false
    },
    "data_type": {
      "value": "date_time",
      "editable": false
    },
    "editable": {
      "value": false,
      "editable": false
    },
    "mandatory": {
      "value": false,
      "editable": false
    },
    "unique": {
      "value": false,
      "editable": false
    },
    "properties": {
      "default_value": {
        "value": null,
        "editable": false
      },
      "summary_default": {
        "value": "latest",
        "editable": true
      }
    },
    "visible": {
      "value": true,
      "editable": false
    },
    "ui_value_displayable": {
      "value": true,
      "editable": false
    }
  }
}