field_name,data_type,is_multi_entity,valid_types,description
cached_display_name,text,False,,
path,url,False,,
entity,entity,False,"Asset,Shot,Sequence",
is_primary,checkbox,False,,
configuration_metadata,text,False,,
linked_entity_id,number,False,,
linked_entity_type,text,False,,
code,text,False,,
pipeline_configuration,entity,False,PipelineConfiguration,
created_by,entity,False,"HumanUser,ApiUser",
updated_by,entity,False,"HumanUser,ApiUser",
created_at,date_time,False,,
updated_at,date_time,False,,
id,number,False,,
project,entity,False,Project,
