field_name,data_type,is_multi_entity,valid_types,description
cached_display_name,text,False,,
id,number,False,,
asset_sg_vendor_groups_assets,multi_entity,True,Asset,
launch_sg_vendor_groups_launches,multi_entity,True,,
sequence_sg_vendor_groups_sequences,multi_entity,True,Sequence,
sg_people,multi_entity,True,HumanUser,
shot_sg_vendor_groups_shots,multi_entity,True,Shot,
notes,multi_entity,True,Note,
open_notes,multi_entity,True,Note,
open_notes_count,summary,False,,
updated_at,date_time,False,,
code,text,False,,
created_by,entity,False,"HumanUser,ApiUser",
updated_by,entity,False,"HumanUser,ApiUser",
tags,multi_entity,True,Tag,
users,multi_entity,True,HumanUser,
created_at,date_time,False,,
