field_name,data_type,is_multi_entity,valid_types,description
autodesk_identity_invite_expiry_date,date,False,,
email_versions,checkbox,False,,
bookings,multi_entity,True,Booking,
percent_capacity,percent,False,,
enable_tank_integration,checkbox,False,,
email_deliveries,checkbox,False,,
email_version_link_cc,checkbox,False,,
email_all_deliveries,checkbox,False,,
department,entity,False,Department,
email_tickets,checkbox,False,,
projects,multi_entity,True,Project,
email_tasks,checkbox,False,,
sg_employee_id,text,False,,
email_all_security,checkbox,False,,
locked_until,date_time,False,,
email_inbox_notes,checkbox,False,,
cached_display_name,text,False,,
email_inbox_general,checkbox,False,,
sg_designation,text,False,,
filmstrip_image,image,False,,
custom_home_page,entity,False,Page,
sg_date_of_joining,date,False,,
sg_phone_no,text,False,,
sg_costtocompany,checkbox,False,,
sg_int_status,list,False,,
sg_total_workingdays,calculated,False,,
sg_job_title,text,False,,
password_change_next_login,checkbox,False,,
sg_type,list,False,,
id,number,False,,
password_strength,float,False,,
pipeline_configurations,multi_entity,True,PipelineConfiguration,
merge_in_progress,percent,False,,
sso_login,text,False,,
email_all_versions,checkbox,False,,
banners,multi_entity,True,,
ui_theme,list,False,,
email_all_notes,checkbox,False,,
email_all_tickets,checkbox,False,,
email_all_tasks,checkbox,False,,
password_set,checkbox,False,,
oxygen_user_id,text,False,,
language,list,False,,
image_source_entity,entity,False,"ApiUser,AppWelcome,Asset,Attachment,Banner,Booking,ClientUser,Composition,Contract,Cut,CutItem,Department,Episode,Group,HumanUser,Icon,Level,LocalStorage,MocapPass,MocapSetup,MocapTake,MocapTakeRange,Note,Page,Performer,PermissionRuleSet,Phase,PipelineConfiguration,Playlist,Project,PublishedFile,PublishedFileDependency,PublishedFileType,Routine,RvLicense,Sequence,Shot,Software,Status,Step,Tag,Task,TaskTemplate,Version",
sg_status_list,status_list,False,,
welcome_page_visited,checkbox,False,,
sg_current_month_mandays,summary,False,,
sg_vendor_group,entity,False,Group,
profile_data_page_visited,checkbox,False,,
sg_category,list,False,,
sg_previous_month_mandays,summary,False,,
sg_total_actuals,summary,False,,
image_blur_hash,text,False,,
can_impersonate_this_user,checkbox,False,,
app_welcomes,multi_entity,True,AppWelcome,
profile_role,list,False,,
analytics_truth_finder_onboarded,checkbox,False,,
can_see_media_download_links,checkbox,False,,
autodesk_account_status,text,False,,
contracts,multi_entity,True,Contract,
autodesk_pat_assigned,checkbox,False,,
whats_new_version,text,False,,
name,text,False,,
updated_at,date_time,False,,
groups,multi_entity,True,Group,
password_proxy,password,False,,
created_by,entity,False,"HumanUser,ApiUser",
permission_rule_set,entity,False,PermissionRuleSet,
lastname,text,False,,
firstname,text,False,,
updated_by,entity,False,"HumanUser,ApiUser",
file_access,checkbox,False,,
tags,multi_entity,True,Tag,
login,text,False,,
email_notes,checkbox,False,,
image,image,False,,
email,text,False,,
created_at,date_time,False,,
