field_name,data_type,is_multi_entity,valid_types,description
code,text,False,,
description,text,False,,
sg_versions,multi_entity,True,Version,
sg_published_files,multi_entity,True,PublishedFile,
assets,multi_entity,True,Asset,
created_at,date_time,False,,
updated_at,date_time,False,,
created_by,entity,False,"HumanUser,ApiUser",
updated_by,entity,False,"HumanUser,ApiUser",
cached_display_name,text,False,,
task_template,entity,False,TaskTemplate,
tasks,multi_entity,True,Task,
step_0,pivot_column,False,,
parent,entity,False,Level,
sub_levels,multi_entity,True,Level,
step_120,pivot_column,False,,
step_121,pivot_column,False,,
step_122,pivot_column,False,,
step_123,pivot_column,False,,
step_124,pivot_column,False,,
step_125,pivot_column,False,,
step_127,pivot_column,False,,
step_119,pivot_column,False,,
id,number,False,,
project,entity,False,Project,
tags,multi_entity,True,Tag,
image,image,False,,
image_source_entity,entity,False,"ApiUser,AppWelcome,Asset,Attachment,Banner,Booking,ClientUser,Composition,Contract,Cut,CutItem,Department,Episode,Group,HumanUser,Icon,Level,LocalStorage,MocapPass,MocapSetup,MocapTake,MocapTakeRange,Note,Page,Performer,PermissionRuleSet,Phase,PipelineConfiguration,Playlist,Project,PublishedFile,PublishedFileDependency,PublishedFileType,Routine,RvLicense,Sequence,Shot,Software,Status,Step,Tag,Task,TaskTemplate,Version",
step_126,pivot_column,False,,
step_128,pivot_column,False,,
sg_status_list,status_list,False,,
image_blur_hash,text,False,,
notes,multi_entity,True,Note,
open_notes,multi_entity,True,Note,
open_notes_count,summary,False,,
