field_name,data_type,is_multi_entity,valid_types,description
code,text,False,,
description,text,False,,
physical_assets,multi_entity,True,,
cameras,multi_entity,True,,
assets,multi_entity,True,Asset,
tags,multi_entity,True,Tag,
cached_display_name,text,False,,
sg_shoot_day,entity,False,,
sg_select,checkbox,False,,
sg_n_g,checkbox,False,,
sg_setup,entity,False,MocapSetup,
sg_client_select,checkbox,False,,
filmstrip_image,image,False,,
created_by,entity,False,"HumanUser,ApiUser",
updated_by,entity,False,"HumanUser,ApiUser",
task_template,entity,False,TaskTemplate,
tasks,multi_entity,True,Task,
step_0,pivot_column,False,,
sg_mocap_take_ranges,multi_entity,True,MocapTakeRange,
created_at,date_time,False,,
updated_at,date_time,False,,
sg_status_list,status_list,False,,
project,entity,False,Project,
sg_versions,multi_entity,True,Version,
id,number,False,,
image,image,False,,
image_source_entity,entity,False,"ApiUser,AppWelcome,Asset,Attachment,Banner,Booking,ClientUser,Composition,Contract,Cut,CutItem,Department,Episode,Group,HumanUser,Icon,Level,LocalStorage,MocapPass,MocapSetup,MocapTake,MocapTakeRange,Note,Page,Performer,PermissionRuleSet,Phase,PipelineConfiguration,Playlist,Project,PublishedFile,PublishedFileDependency,PublishedFileType,Routine,RvLicense,Sequence,Shot,Software,Status,Step,Tag,Task,TaskTemplate,Version",
performers,multi_entity,True,Performer,
sg_routine,entity,False,Routine,
image_blur_hash,text,False,,
notes,multi_entity,True,Note,
open_notes,multi_entity,True,Note,
open_notes_count,summary,False,,
