field_name,data_type,is_multi_entity,valid_types,description
tasks,multi_entity,True,Task,
playlist,entity,False,Playlist,
attachments,multi_entity,True,Attachment,
replies,multi_entity,True,Reply,
client_note,checkbox,False,,
cached_display_name,text,False,,
updated_by,entity,False,"HumanUser,ApiUser",
otio_playable,text,False,,
updated_at,date_time,False,,
sg_status_list,status_list,False,,
client_approved,checkbox,False,,
suppress_email_notif,checkbox,False,,
reply_content,text,False,,
id,number,False,,
notes_app_context,entity,False,"Playlist,CutItem,Cut",
filmstrip_image,image,False,,
composition,entity,False,Composition,
image,image,False,,
image_source_entity,entity,False,"ApiUser,AppWelcome,Asset,Attachment,Banner,Booking,ClientUser,Composition,Contract,Cut,CutItem,Department,Episode,Group,HumanUser,Icon,Level,LocalStorage,MocapPass,MocapSetup,MocapTake,MocapTakeRange,Note,Page,Performer,PermissionRuleSet,Phase,PipelineConfiguration,Playlist,Project,PublishedFile,PublishedFileDependency,PublishedFileType,Routine,RvLicense,Sequence,Shot,Software,Status,Step,Tag,Task,TaskTemplate,Version",
image_blur_hash,text,False,,
publish_status,text,False,,
user,entity,False,"HumanUser,ApiUser",
note_links,multi_entity,True,"Asset,Booking,Cut,Department,Group,Phase,Playlist,Sequence,Shot,TaskTemplate,Version,Level,Episode,MocapPass,MocapSetup,MocapTake,MocapTakeRange,Routine,Performer,Contract",
addressings_to,multi_entity,True,"Group,HumanUser",
created_by,entity,False,"HumanUser,ApiUser,ClientUser",
project,entity,False,Project,
subject,text,False,,
content,text,False,,
tags,multi_entity,True,Tag,
addressings_cc,multi_entity,True,"Group,HumanUser",
sg_note_type,list,False,,
created_at,date_time,False,,
