field_name,data_type,is_multi_entity,valid_types,description
name,text,False,,
page_type,text,False,,
shared,checkbox,False,,
default_type,text,False,,
accesses_by_current_user,number,False,,
folder,text,False,,
entity_type,entity_type,False,,
last_accessed,date_time,False,,
hits_last_month,number,False,,
last_accessed_by_current_user,date_time,False,,
current_user_favorite,checkbox,False,,
description,text,False,,
current_user_can_see,checkbox,False,,
cached_display_name,text,False,,
created_by,entity,False,"HumanUser,ApiUser",
updated_by,entity,False,"HumanUser,ApiUser",
created_at,date_time,False,,
updated_at,date_time,False,,
system_owned,checkbox,False,,
id,number,False,,
project,entity,False,Project,
tags,multi_entity,True,Tag,
ui_category,text,False,,
admin,checkbox,False,,
