field_name,data_type,is_multi_entity,valid_types,description
code,text,False,,
description,text,False,,
sg_type,list,False,,
cached_display_name,text,False,,
sg_character,entity,False,Asset,
filmstrip_image,image,False,,
sg_gender,list,False,,
created_by,entity,False,"HumanUser,ApiUser",
updated_by,entity,False,"HumanUser,ApiUser",
updated_at,date_time,False,,
created_at,date_time,False,,
sg_status_list,status_list,False,,
project,entity,False,Project,
id,number,False,,
tags,multi_entity,True,Tag,
image,image,False,,
image_source_entity,entity,False,"ApiUser,AppWelcome,Asset,Attachment,Banner,Booking,ClientUser,Composition,Contract,Cut,CutItem,Department,Episode,Group,HumanUser,Icon,Level,LocalStorage,MocapPass,MocapSetup,MocapTake,MocapTakeRange,Note,Page,Performer,PermissionRuleSet,Phase,PipelineConfiguration,Playlist,Project,PublishedFile,PublishedFileDependency,PublishedFileType,Routine,RvLicense,Sequence,Shot,Software,Status,Step,Tag,Task,TaskTemplate,Version",
mocap_takes,multi_entity,True,MocapTake,
routines,multi_entity,True,Routine,
image_blur_hash,text,False,,
notes,multi_entity,True,Note,
open_notes,multi_entity,True,Note,
open_notes_count,summary,False,,
