field_name,data_type,is_multi_entity,valid_types,description
start_date,date,False,,
milestone,checkbox,False,,
end_date,date,False,,
description,text,False,,
color,color,False,,
code,text,False,,
cached_display_name,text,False,,
created_by,entity,False,"HumanUser,ApiUser",
updated_by,entity,False,"HumanUser,ApiUser",
created_at,date_time,False,,
updated_at,date_time,False,,
id,number,False,,
project,entity,False,Project,
notes,multi_entity,True,Note,
open_notes,multi_entity,True,Note,
open_notes_count,summary,False,,
