field_name,data_type,is_multi_entity,valid_types,description
image,image,False,,
code,text,False,,
description,text,False,,
mac_path,text,False,,
windows_path,text,False,,
linux_path,text,False,,
users,multi_entity,True,HumanUser,
cached_display_name,text,False,,
created_by,entity,False,"HumanUser,ApiUser",
updated_by,entity,False,"HumanUser,ApiUser",
updated_at,date_time,False,,
created_at,date_time,False,,
project,entity,False,Project,
id,number,False,,
tags,multi_entity,True,Tag,
plugin_ids,text,False,,
descriptor,text,False,,
uploaded_config,url,False,,
image_source_entity,entity,False,"ApiUser,AppWelcome,Asset,Attachment,Banner,Booking,ClientUser,Composition,Contract,Cut,CutItem,Department,Episode,Group,HumanUser,Icon,Level,LocalStorage,MocapPass,MocapSetup,MocapTake,MocapTakeRange,Note,Page,Performer,PermissionRuleSet,Phase,PipelineConfiguration,Playlist,Project,PublishedFile,PublishedFileDependency,PublishedFileType,Routine,RvLicense,Sequence,Shot,Software,Status,Step,Tag,Task,TaskTemplate,Version",
image_blur_hash,text,False,,
