field_name,data_type,is_multi_entity,valid_types,description
description,text,False,,
sg_date_and_time,date_time,False,,
code,text,False,,
versions,multi_entity,True,Version,
locked,checkbox,False,,
locked_at,date_time,False,,
locked_by,entity,False,"HumanUser,ApiUser",
external_share_count,number,False,,
cached_display_name,text,False,,
filmstrip_image,image,False,,
created_by,entity,False,"HumanUser,ApiUser",
updated_by,entity,False,"HumanUser,ApiUser",
media_center_viewed_by_current_user,list,False,,
media_center_viewed_by_current_user_at,date_time,False,,
current_user_favorite,checkbox,False,,
created_at,date_time,False,,
updated_at,date_time,False,,
id,number,False,,
project,entity,False,Project,
tags,multi_entity,True,Tag,
image,image,False,,
image_source_entity,entity,False,"ApiUser,AppWelcome,Asset,Attachment,Banner,Booking,ClientUser,Composition,Contract,Cut,CutItem,Department,Episode,Group,HumanUser,Icon,Level,LocalStorage,MocapPass,MocapSetup,MocapTake,MocapTakeRange,Note,Page,Performer,PermissionRuleSet,Phase,PipelineConfiguration,Playlist,Project,PublishedFile,PublishedFileDependency,PublishedFileType,Routine,RvLicense,Sequence,Shot,Software,Status,Step,Tag,Task,TaskTemplate,Version",
image_blur_hash,text,False,,
notes,multi_entity,True,Note,
open_notes,multi_entity,True,Note,
open_notes_count,summary,False,,
