field_name,data_type,is_multi_entity,valid_types,description
access_key,text,False,,
email_message,text,False,,
user,entity,False,"HumanUser,ClientUser",
playlist,entity,False,Playlist,
expiry_period,number,False,,
expiry_count,number,False,,
access_count,number,False,,
last_accessed,date_time,False,,
revoked_at,date_time,False,,
created_by,entity,False,"HumanUser,ApiUser",
updated_by,entity,False,"HumanUser,ApiUser",
cached_display_name,text,False,,
allow_download_source_file,checkbox,False,,
created_at,date_time,False,,
updated_at,date_time,False,,
revoked_by,entity,False,"HumanUser,ApiUser",
require_user_authentication,checkbox,False,,
can_see_notes,checkbox,False,,
display_thumbnails_in_emails,checkbox,False,,
downloaded_media,checkbox,False,,
group_id,number,False,,
id,number,False,,
tags,multi_entity,True,Tag,
