field_name,data_type,is_multi_entity,valid_types,description
tank_name,text,False,,
end_date,date,False,,
duration,number,False,,
tracking_settings,serializable,False,,
color,color,False,,
users,multi_entity,True,HumanUser,
layout_project,entity,False,Project,
client_site_settings_saved,checkbox,False,,
last_accessed_by_current_user,date_time,False,,
start_date,date,False,,
phases,multi_entity,True,Phase,
cached_display_name,text,False,,
billboard,url,False,,
filmstrip_image,image,False,,
is_template,checkbox,False,,
sg_disable_media_uploads,checkbox,False,,
sg_overall_actuals,summary,False,,
is_demo,checkbox,False,,
current_user_favorite,checkbox,False,,
landing_page_url,url,False,,
archived,checkbox,False,,
id,number,False,,
task_templates,multi_entity,True,TaskTemplate,
image,image,False,,
image_source_entity,entity,False,"ApiUser,AppWelcome,Asset,Attachment,Banner,Booking,ClientUser,Composition,Contract,Cut,CutItem,Department,Episode,Group,HumanUser,Icon,Level,LocalStorage,MocapPass,MocapSetup,MocapTake,MocapTakeRange,Note,Page,Performer,PermissionRuleSet,Phase,PipelineConfiguration,Playlist,Project,PublishedFile,PublishedFileDependency,PublishedFileType,Routine,RvLicense,Sequence,Shot,Software,Status,Step,Tag,Task,TaskTemplate,Version",
image_blur_hash,text,False,,
asset_linked_projects_assets,multi_entity,True,Asset,
is_template_project,checkbox,False,,
sg_description,text,False,,
name,text,False,,
sg_status,list,False,,
updated_at,date_time,False,,
code,text,False,,
created_by,entity,False,"HumanUser,ApiUser",
updated_by,entity,False,"HumanUser,ApiUser",
tags,multi_entity,True,Tag,
sg_type,list,False,,
created_at,date_time,False,,
