field_name,data_type,is_multi_entity,valid_types,description
code,text,False,,
description,text,False,,
name,text,False,,
filmstrip_image,image,False,,
path_cache,text,False,,
path_cache_storage,entity,False,LocalStorage,
version,entity,False,Version,
task,entity,False,Task,
path,url,False,,
version_number,number,False,,
cached_display_name,text,False,,
updated_by,entity,False,"HumanUser,ApiUser",
created_by,entity,False,"HumanUser,ApiUser",
published_file_type,entity,False,PublishedFileType,
sg_status_list,status_list,False,,
updated_at,date_time,False,,
created_at,date_time,False,,
project,entity,False,Project,
id,number,False,,
tags,multi_entity,True,Tag,
upstream_published_files,multi_entity,True,PublishedFile,
downstream_published_files,multi_entity,True,PublishedFile,
image,image,False,,
image_source_entity,entity,False,"ApiUser,AppWelcome,Asset,Attachment,Banner,Booking,ClientUser,Composition,Contract,Cut,CutItem,Department,Episode,Group,HumanUser,Icon,Level,LocalStorage,MocapPass,MocapSetup,MocapTake,MocapTakeRange,Note,Page,Performer,PermissionRuleSet,Phase,PipelineConfiguration,Playlist,Project,PublishedFile,PublishedFileDependency,PublishedFileType,Routine,RvLicense,Sequence,Shot,Software,Status,Step,Tag,Task,TaskTemplate,Version",
entity,entity,False,"Asset,Level,Shot,Sequence",
image_blur_hash,text,False,,
