field_name,data_type,is_multi_entity,valid_types,description
cached_display_name,text,False,,
id,number,False,,
publish_status,text,False,,
user,entity,False,"HumanUser,ApiUser,ClientUser",
entity,entity,False,"ApiUser,AppWelcome,Asset,Attachment,Banner,Booking,ClientUser,Composition,Contract,Cut,CutItem,Department,Episode,Group,HumanUser,Icon,Level,LocalStorage,MocapPass,MocapSetup,MocapTake,MocapTakeRange,Note,Page,Performer,PermissionRuleSet,Phase,PipelineConfiguration,Playlist,Project,PublishedFile,PublishedFileDependency,PublishedFileType,Routine,RvLicense,Sequence,Shot,Software,Status,Step,Tag,Task,TaskTemplate,Version",
content,text,False,,
created_at,date_time,False,,
