{
  "cached_display_name": {
    "name": {
      "value": "Cached Display Name",
      "editable": true
    },
    "description": {
      "value": "",
      "editable": true
    },
    "custom_metadata": {
      "value": "",
      "editable": true
    },
    "entity_type": {
      "value": "Reply",
      "editable": false
    },
    "data_type": {
      "value": "text",
      "editable": false
    },
    "editable": {
      "value": true,
      "editable": false
    },
    "mandatory": {
      "value": false,
      "editable": false
    },
    "unique": {
      "value": false,
      "editable": false
    },
    "properties": {
      "default_value": {
        "value": null,
        "editable": false
      },
      "summary_default": {
        "value": "none",
        "editable": false
      }
    },
    "visible": {
      "value": true,
      "editable": false
    },
    "ui_value_displayable": {
      "value": false,
      "editable": false
    }
  },
  "id": {
    "name": {
      "value": "Id",
      "editable": true
    },
    "description": {
      "value": "",
      "editable": true
    },
    "custom_metadata": {
      "value": "",
      "editable": true
    },
    "entity_type": {
      "value": "Reply",
      "editable": false
    },
    "data_type": {
      "value": "number",
      "editable": false
    },
    "editable": {
      "value": false,
      "editable": false
    },
    "mandatory": {
      "value": false,
      "editable": false
    },
    "unique": {
      "value": false,
      "editable": false
    },
    "properties": {
      "default_value": {
        "value": null,
        "editable": false
      },
      "summary_default": {
        "value": "none",
        "editable": true
      }
    },
    "visible": {
      "value": true,
      "editable": false
    },
    "ui_value_displayable": {
      "value": true,
      "editable": false
    }
  },
  "publish_status": {
    "name": {
      "value": "Publish Status",
      "editable": true
    },
    "description": {
      "value": "",
      "editable": true
    },
    "custom_metadata": {
      "value": "",
      "editable": true
    },
    "entity_type": {
      "value": "Reply",
      "editable": false
    },
    "data_type": {
      "value": "text",
      "editable": false
    },
    "editable": {
      "value": true,
      "editable": false
    },
    "mandatory": {
      "value": false,
      "editable": false
    },
    "unique": {
      "value": false,
      "editable": false
    },
    "properties": {
      "default_value": {
        "value": null,
        "editable": false
      },
      "summary_default": {
        "value": "none",
        "editable": false
      }
    },
    "visible": {
      "value": true,
      "editable": false
    },
    "ui_value_displayable": {
      "value": false,
      "editable": false
    }
  },
  "user": {
    "name": {
      "value": "User",
      "editable": true
    },
    "description": {
      "value": "",
      "editable": true
    },
    "custom_metadata": {
      "value": "",
      "editable": true
    },
    "entity_type": {
      "value": "Reply",
      "editable": false
    },
    "data_type": {
      "value": "entity",
      "editable": false
    },
    "editable": {
      "value": true,
      "editable": false
    },
    "mandatory": {
      "value": false,
      "editable": false
    },
    "unique": {
      "value": false,
      "editable": false
    },
    "properties": {
      "default_value": {
        "value": null,
        "editable": false
      },
      "summary_default": {
        "value": "none",
        "editable": true
      },
      "valid_types": {
        "value": [
          "HumanUser",
          "ApiUser",
          "ClientUser"
        ],
        "editable": true
      }
    },
    "visible": {
      "value": true,
      "editable": false
    },
    "ui_value_displayable": {
      "value": true,
      "editable": false
    }
  },
  "entity": {
    "name": {
      "value": "Link",
      "editable": true
    },
    "description": {
      "value": "",
      "editable": true
    },
    "custom_metadata": {
      "value": "",
      "editable": true
    },
    "entity_type": {
      "value": "Reply",
      "editable": false
    },
    "data_type": {
      "value": "entity",
      "editable": false
    },
    "editable": {
      "value": true,
      "editable": false
    },
    "mandatory": {
      "value": false,
      "editable": false
    },
    "unique": {
      "value": false,
      "editable": false
    },
    "properties": {
      "default_value": {
        "value": null,
        "editable": false
      },
      "summary_default": {
        "value": "none",
        "editable": true
      },
      "valid_types": {
        "value": [
          "ApiUser",
          "AppWelcome",
          "Asset",
          "Attachment",
          "Banner",
          "Booking",
          "ClientUser",
          "Composition",
          "Contract",
          "Cut",
          "CutItem",
          "Department",
          "Episode",
          "Group",
          "HumanUser",
          "Icon",
          "Level",
          "LocalStorage",
          "MocapPass",
          "MocapSetup",
          "MocapTake",
          "MocapTakeRange",
          "Note",
          "Page",
          "Performer",
          "PermissionRuleSet",
          "Phase",
          "PipelineConfiguration",
          "Playlist",
          "Project",
          "PublishedFile",
          "PublishedFileDependency",
          "PublishedFileType",
          "Routine",
          "RvLicense",
          "Sequence",
          "Shot",
          "Software",
          "Status",
          "Step",
          "Tag",
          "Task",
          "TaskTemplate",
          "Version"
        ],
        "editable": true
      }
    },
    "visible": {
      "value": true,
      "editable": false
    },
    "ui_value_displayable": {
      "value": true,
      "editable": false
    }
  },
  "content": {
    "name": {
      "value": "Reply Text",
      "editable": true
    },
    "description": {
      "value": "",
      "editable": true
    },
    "custom_metadata": {
      "value": "",
      "editable": true
    },
    "entity_type": {
      "value": "Reply",
      "editable": false
    },
    "data_type": {
      "value": "text",
      "editable": false
    },
    "editable": {
      "value": true,
      "editable": false
    },
    "mandatory": {
      "value": true,
      "editable": false
    },
    "unique": {
      "value": false,
      "editable": false
    },
    "properties": {
      "default_value": {
        "value": null,
        "editable": false
      },
      "summary_default": {
        "value": "none",
        "editable": true
      }
    },
    "visible": {
      "value": true,
      "editable": false
    },
    "ui_value_displayable": {
      "value": true,
      "editable": false
    }
  },
  "created_at": {
    "name": {
      "value": "Date Created",
      "editable": true
    },
    "description": {
      "value": "",
      "editable": true
    },
    "custom_metadata": {
      "value": "",
      "editable": true
    },
    "entity_type": {
      "value": "Reply",
      "editable": false
    },
    "data_type": {
      "value": "date_time",
      "editable": false
    },
    "editable": {
      "value": false,
      "editable": false
    },
    "mandatory": {
      "value": false,
      "editable": false
    },
    "unique": {
      "value": false,
      "editable": false
    },
    "properties": {
      "default_value": {
        "value": null,
        "editable": false
      },
      "summary_default": {
        "value": "none",
        "editable": true
      }
    },
    "visible": {
      "value": true,
      "editable": false
    },
    "ui_value_displayable": {
      "value": true,
      "editable": false
    }
  }
}