field_name,data_type,is_multi_entity,valid_types,description
code,text,False,,
description,text,False,,
created_by,entity,False,"HumanUser,ApiUser",
updated_by,entity,False,"HumanUser,ApiUser",
cached_display_name,text,False,,
meta,serializable,False,,
date_activated,date_time,False,,
activated_by_type,text,False,,
activated_by_id,text,False,,
site,entity,False,Asset,
created_at,date_time,False,,
updated_at,date_time,False,,
id,number,False,,
tags,multi_entity,True,Tag,
image,image,False,,
image_source_entity,entity,False,"ApiUser,AppWelcome,Asset,Attachment,Banner,Booking,ClientUser,Composition,Contract,Cut,CutItem,Department,Episode,Group,HumanUser,Icon,Level,LocalStorage,MocapPass,MocapSetup,MocapTake,MocapTakeRange,Note,Page,Performer,PermissionRuleSet,Phase,PipelineConfiguration,Playlist,Project,PublishedFile,PublishedFileDependency,PublishedFileType,Routine,RvLicense,Sequence,Shot,Software,Status,Step,Tag,Task,TaskTemplate,Version",
image_blur_hash,text,False,,
