field_name,data_type,is_multi_entity,valid_types,description
sg_mvl_client_name,text,False,,
shots,multi_entity,True,Shot,
addressings_cc,multi_entity,True,"Group,HumanUser",
cached_display_name,text,False,,
filmstrip_image,image,False,,
sg_versions,multi_entity,True,Version,
task_template,entity,False,TaskTemplate,
tasks,multi_entity,True,Task,
step_0,pivot_column,False,,
cuts,multi_entity,True,Cut,
sg_published_files,multi_entity,True,PublishedFile,
episode,entity,False,Episode,
id,number,False,,
image_source_entity,entity,False,"ApiUser,AppWelcome,Asset,Attachment,Banner,Booking,ClientUser,Composition,Contract,Cut,CutItem,Department,Episode,Group,HumanUser,Icon,Level,LocalStorage,MocapPass,MocapSetup,MocapTake,MocapTakeRange,Note,Page,Performer,PermissionRuleSet,Phase,PipelineConfiguration,Playlist,Project,PublishedFile,PublishedFileDependency,PublishedFileType,Routine,RvLicense,Sequence,Shot,Software,Status,Step,Tag,Task,TaskTemplate,Version",
sg_vendor_groups,multi_entity,True,Group,
sg_scenes,multi_entity,True,,
image_blur_hash,text,False,,
notes,multi_entity,True,Note,
open_notes,multi_entity,True,Note,
open_notes_count,summary,False,,
updated_at,date_time,False,,
code,text,False,,
sg_sequence_type,list,False,,
assets,multi_entity,True,Asset,
created_by,entity,False,"HumanUser,ApiUser",
project,entity,False,Project,
updated_by,entity,False,"HumanUser,ApiUser",
description,text,False,,
tags,multi_entity,True,Tag,
image,image,False,,
created_at,date_time,False,,
sg_status_list,status_list,False,,
