field_name,data_type,is_multi_entity,valid_types,description
task_template,entity,False,TaskTemplate,
parent_shots,multi_entity,True,Shot,
shots,multi_entity,True,Shot,
sg_head_in,number,False,,
step_0,pivot_column,False,,
addressings_cc,multi_entity,True,"Group,HumanUser",
cached_display_name,text,False,,
sg_cut_order,number,False,,
filmstrip_image,image,False,,
sg_production_notes,text,False,,
sg_working_duration,number,False,,
sg_client_name,text,False,,
sg_shot_type,list,False,,
sg_published_files,multi_entity,True,PublishedFile,
sg_versions,multi_entity,True,Version,
id,number,False,,
sg_mvl_client_name,text,False,,
image_source_entity,entity,False,"ApiUser,AppWelcome,Asset,Attachment,Banner,Booking,ClientUser,Composition,Contract,Cut,CutItem,Department,Episode,Group,HumanUser,Icon,Level,LocalStorage,MocapPass,MocapSetup,MocapTake,MocapTakeRange,Note,Page,Performer,PermissionRuleSet,Phase,PipelineConfiguration,Playlist,Project,PublishedFile,PublishedFileDependency,PublishedFileType,Routine,RvLicense,Sequence,Shot,Software,Status,Step,Tag,Task,TaskTemplate,Version",
sg_vendor_groups,multi_entity,True,Group,
step_134,pivot_column,False,,
mocap_take_ranges,multi_entity,True,MocapTakeRange,
sg_mvl_fps,number,False,,
image_blur_hash,text,False,,
sg_mvl_clip_number,text,False,,
notes,multi_entity,True,Note,
open_notes,multi_entity,True,Note,
open_notes_count,summary,False,,
sg_mvl_ramp,text,False,,
smart_cut_duration,number,False,,
smart_tail_in,number,False,,
updated_at,date_time,False,,
smart_duration_summary_display,text,False,,
smart_tail_duration,number,False,,
smart_cut_in,number,False,,
code,text,False,,
tail_duration,number,False,,
smart_head_in,number,False,,
assets,multi_entity,True,Asset,
created_by,entity,False,"HumanUser,ApiUser",
project,entity,False,Project,
smart_cut_summary_display,text,False,,
head_out,number,False,,
smart_head_out,number,False,,
updated_by,entity,False,"HumanUser,ApiUser",
sg_sequence,entity,False,Sequence,
smart_working_duration,number,False,,
cut_duration,number,False,,
cut_out,number,False,,
cut_in,number,False,,
description,text,False,,
sg_cut_duration,number,False,,
tags,multi_entity,True,Tag,
smart_head_duration,number,False,,
tasks,multi_entity,True,Task,
sg_mvl_client_head_in,number,False,,
head_duration,number,False,,
head_in,number,False,,
tail_out,number,False,,
tail_in,number,False,,
smart_cut_out,number,False,,
image,image,False,,
smart_tail_out,number,False,,
created_at,date_time,False,,
sg_cut_in,number,False,,
sg_cut_out,number,False,,
step_274,pivot_column,False,,
sg_tail_out,number,False,,
step_136,pivot_column,False,,
sg_mvl_client_tail_out,number,False,,
step_175,pivot_column,False,,
step_208,pivot_column,False,,
step_241,pivot_column,False,,
step_35,pivot_column,False,,
step_106,pivot_column,False,,
step_133,pivot_column,False,,
sg_mvl_client_cut_in,number,False,,
step_2,pivot_column,False,,
step_6,pivot_column,False,,
sg_status_list,status_list,False,,
step_7,pivot_column,False,,
step_8,pivot_column,False,,
sg_mvl_client_cut_out,number,False,,
