{
  "shot": {
    "name": {
      "value": "Shot",
      "editable": true
    },
    "description": {
      "value": "",
      "editable": true
    },
    "custom_metadata": {
      "value": "",
      "editable": true
    },
    "entity_type": {
      "value": "Shot_sg_vendor_groups_Connection",
      "editable": false
    },
    "data_type": {
      "value": "entity",
      "editable": false
    },
    "editable": {
      "value": false,
      "editable": false
    },
    "mandatory": {
      "value": false,
      "editable": false
    },
    "unique": {
      "value": false,
      "editable": false
    },
    "properties": {
      "default_value": {
        "value": null,
        "editable": false
      },
      "summary_default": {
        "value": "none",
        "editable": true
      },
      "valid_types": {
        "value": [
          "Shot"
        ],
        "editable": true
      }
    },
    "visible": {
      "value": true,
      "editable": false
    },
    "ui_value_displayable": {
      "value": true,
      "editable": false
    }
  },
  "group": {
    "name": {
      "value": "Group",
      "editable": true
    },
    "description": {
      "value": "",
      "editable": true
    },
    "custom_metadata": {
      "value": "",
      "editable": true
    },
    "entity_type": {
      "value": "Shot_sg_vendor_groups_Connection",
      "editable": false
    },
    "data_type": {
      "value": "entity",
      "editable": false
    },
    "editable": {
      "value": false,
      "editable": false
    },
    "mandatory": {
      "value": false,
      "editable": false
    },
    "unique": {
      "value": false,
      "editable": false
    },
    "properties": {
      "default_value": {
        "value": null,
        "editable": false
      },
      "summary_default": {
        "value": "none",
        "editable": true
      },
      "valid_types": {
        "value": [
          "Group"
        ],
        "editable": true
      }
    },
    "visible": {
      "value": true,
      "editable": false
    },
    "ui_value_displayable": {
      "value": true,
      "editable": false
    }
  },
  "id": {
    "name": {
      "value": "Id",
      "editable": true
    },
    "description": {
      "value": "",
      "editable": true
    },
    "custom_metadata": {
      "value": "",
      "editable": true
    },
    "entity_type": {
      "value": "Shot_sg_vendor_groups_Connection",
      "editable": false
    },
    "data_type": {
      "value": "number",
      "editable": false
    },
    "editable": {
      "value": false,
      "editable": false
    },
    "mandatory": {
      "value": false,
      "editable": false
    },
    "unique": {
      "value": false,
      "editable": false
    },
    "properties": {
      "default_value": {
        "value": null,
        "editable": false
      },
      "summary_default": {
        "value": "none",
        "editable": false
      }
    },
    "visible": {
      "value": true,
      "editable": false
    },
    "ui_value_displayable": {
      "value": true,
      "editable": false
    }
  }
}