field_name,data_type,is_multi_entity,valid_types,description
code,text,False,,
id,number,False,,
description,text,False,,
tags,multi_entity,True,Tag,
created_at,date_time,False,,
updated_at,date_time,False,,
created_by,entity,False,"HumanUser,ApiUser",
updated_by,entity,False,"HumanUser,ApiUser",
cached_display_name,text,False,,
sg_status_list,status_list,False,,
version_names,text,False,,
products,text,False,,
engine,text,False,,
group_name,text,False,,
group_default,checkbox,False,,
windows_path,text,False,,
windows_args,text,False,,
linux_path,text,False,,
linux_args,text,False,,
mac_path,text,False,,
mac_args,text,False,,
projects,multi_entity,True,Project,
user_restrictions,multi_entity,True,"HumanUser,Group",
image,image,False,,
image_source_entity,entity,False,"ApiUser,AppWelcome,Asset,Attachment,Banner,Booking,ClientUser,Composition,Contract,Cut,CutItem,Department,Episode,Group,HumanUser,Icon,Level,LocalStorage,MocapPass,MocapSetup,MocapTake,MocapTakeRange,Note,Page,Performer,PermissionRuleSet,Phase,PipelineConfiguration,Playlist,Project,PublishedFile,PublishedFileDependency,PublishedFileType,Routine,RvLicense,Sequence,Shot,Software,Status,Step,Tag,Task,TaskTemplate,Version",
image_blur_hash,text,False,,
