field_name,data_type,is_multi_entity,valid_types,description
code,text,False,,
description,text,False,,
entity_type,entity_type,False,,
task_count,number,False,,
cached_display_name,text,False,,
updated_by,entity,False,"HumanUser,ApiUser",
created_by,entity,False,"HumanUser,ApiUser",
created_at,date_time,False,,
updated_at,date_time,False,,
id,number,False,,
projects,multi_entity,True,Project,
notes,multi_entity,True,Note,
open_notes,multi_entity,True,Note,
open_notes_count,summary,False,,
