field_name,data_type,is_multi_entity,valid_types,description
pinned,checkbox,False,,
time_logs_sum,duration,False,,
step,entity,False,Step,
inventory_date,date,False,,
notes,multi_entity,True,Note,
implicit,checkbox,False,,
upstream_tasks,multi_entity,True,Task,
downstream_tasks,multi_entity,True,Task,
dependency_violation,checkbox,False,,
task_template,entity,False,TaskTemplate,
time_percent_of_est,percent,False,,
time_vs_est,duration,False,,
splits,serializable,False,,
template_task,entity,False,Task,
sg_priority,list,False,,
sg_versions,multi_entity,True,Version,
addressings_cc,multi_entity,True,"Group,HumanUser",
sibling_tasks,multi_entity,True,Task,
split_durations,serializable,False,,
cached_display_name,text,False,,
sg_priority_1,list,False,,
sg_description,text,False,,
sg_sort_order,number,False,,
filmstrip_image,image,False,,
due_date,date,False,,
open_notes,multi_entity,True,Note,
open_notes_count,summary,False,,
id,number,False,,
sg_task_description,text,False,,
image_source_entity,entity,False,"ApiUser,AppWelcome,Asset,Attachment,Banner,Booking,ClientUser,Composition,Contract,Cut,CutItem,Department,Episode,Group,HumanUser,Icon,Level,LocalStorage,MocapPass,MocapSetup,MocapTake,MocapTakeRange,Note,Page,Performer,PermissionRuleSet,Phase,PipelineConfiguration,Playlist,Project,PublishedFile,PublishedFileDependency,PublishedFileType,Routine,RvLicense,Sequence,Shot,Software,Status,Step,Tag,Task,TaskTemplate,Version",
sg_end_date,calculated,False,,
sg_mvl_due_date,date,False,,
image_blur_hash,text,False,,
workload,calculated,False,,
workload_per_day,calculated,False,,
workload_assignee_count,number,False,,
workload_per_day_per_assignee,calculated,False,,
duration,duration,False,,
proposed_start_date,date,False,,
start_date,date,False,,
updated_at,date_time,False,,
project,entity,False,Project,
entity,entity,False,"Asset,Level,MocapSetup,MocapTake,MocapTakeRange,Shot,Sequence",
created_by,entity,False,"HumanUser,ApiUser",
updated_by,entity,False,"HumanUser,ApiUser",
est_in_mins,duration,False,,
tags,multi_entity,True,Tag,
color,color,False,,
content,text,False,,
milestone,checkbox,False,,
image,image,False,,
task_assignees,multi_entity,True,"Group,HumanUser",
created_at,date_time,False,,
task_reviewers,multi_entity,True,"Group,HumanUser",
sg_status_list,status_list,False,,
