field_name,data_type,is_multi_entity,valid_types,description
sg_first_frame,number,False,,
sg_uploaded_movie,url,False,,
flagged,checkbox,False,,
sg_uploaded_movie_transcoding_status,number,False,,
tasks,multi_entity,True,Task,
sg_uploaded_movie_mp4,url,False,,
sg_uploaded_movie_webm,url,False,,
playlists,multi_entity,True,Playlist,
client_code,text,False,,
task_template,entity,False,TaskTemplate,
step_0,pivot_column,False,,
sg_department,text,False,,
cached_display_name,text,False,,
sg_path_to_movie,text,False,,
sg_last_frame,number,False,,
sg_movie_aspect_ratio,float,False,,
sg_frames_aspect_ratio,float,False,,
sg_movie_has_slate,checkbox,False,,
sg_frames_have_slate,checkbox,False,,
filmstrip_image,image,False,,
sg_task,entity,False,Task,
viewed_by_current_user_at,date_time,False,,
media_center_import_time,date_time,False,,
sg_uploaded_movie_image,url,False,,
otio_playable,text,False,,
client_approved,checkbox,False,,
client_approved_at,date_time,False,,
client_approved_by,entity,False,"HumanUser,ClientUser",
sg_version_number,number,False,,
uploaded_movie_duration,float,False,,
sg_uploaded_movie_frame_rate,float,False,,
cuts,multi_entity,True,Cut,
id,number,False,,
published_files,multi_entity,True,PublishedFile,
viewed_by_current_user,list,False,,
image_source_entity,entity,False,"ApiUser,AppWelcome,Asset,Attachment,Banner,Booking,ClientUser,Composition,Contract,Cut,CutItem,Department,Episode,Group,HumanUser,Icon,Level,LocalStorage,MocapPass,MocapSetup,MocapTake,MocapTakeRange,Note,Page,Performer,PermissionRuleSet,Phase,PipelineConfiguration,Playlist,Project,PublishedFile,PublishedFileDependency,PublishedFileType,Routine,RvLicense,Sequence,Shot,Software,Status,Step,Tag,Task,TaskTemplate,Version",
sg_deliveries,multi_entity,True,,
sg_revision_number,number,False,,
image_blur_hash,text,False,,
uploaded_movie_audio_offset_mp4,float,False,,
notes,multi_entity,True,Note,
open_notes,multi_entity,True,Note,
open_notes_count,summary,False,,
sg_translation_type,text,False,,
user,entity,False,"HumanUser,ApiUser,Group",
frame_range,text,False,,
frame_count,number,False,,
updated_at,date_time,False,,
sg_version_type,list,False,,
code,text,False,,
entity,entity,False,"Asset,Level,MocapTake,Shot,Sequence",
created_by,entity,False,"HumanUser,ApiUser",
project,entity,False,Project,
updated_by,entity,False,"HumanUser,ApiUser",
sg_path_to_frames,text,False,,
description,text,False,,
tags,multi_entity,True,Tag,
image,image,False,,
created_at,date_time,False,,
sg_work_file_path,text,False,,
sg_path_to_geometry,text,False,,
sg_status_list,status_list,False,,
