{
  "version": {
    "name": {
      "value": "Version",
      "editable": true
    },
    "description": {
      "value": "",
      "editable": true
    },
    "custom_metadata": {
      "value": "",
      "editable": true
    },
    "entity_type": {
      "value": "Version_sg_deliveries_Connection",
      "editable": false
    },
    "data_type": {
      "value": "entity",
      "editable": false
    },
    "editable": {
      "value": false,
      "editable": false
    },
    "mandatory": {
      "value": false,
      "editable": false
    },
    "unique": {
      "value": false,
      "editable": false
    },
    "properties": {
      "default_value": {
        "value": null,
        "editable": false
      },
      "summary_default": {
        "value": "none",
        "editable": true
      },
      "valid_types": {
        "value": [
          "Version"
        ],
        "editable": true
      }
    },
    "visible": {
      "value": true,
      "editable": false
    },
    "ui_value_displayable": {
      "value": true,
      "editable": false
    }
  },
  "delivery": {
    "name": {
      "value": "Delivery",
      "editable": true
    },
    "description": {
      "value": "",
      "editable": true
    },
    "custom_metadata": {
      "value": "",
      "editable": true
    },
    "entity_type": {
      "value": "Version_sg_deliveries_Connection",
      "editable": false
    },
    "data_type": {
      "value": "entity",
      "editable": false
    },
    "editable": {
      "value": false,
      "editable": false
    },
    "mandatory": {
      "value": false,
      "editable": false
    },
    "unique": {
      "value": false,
      "editable": false
    },
    "properties": {
      "default_value": {
        "value": null,
        "editable": false
      },
      "summary_default": {
        "value": "none",
        "editable": true
      },
      "valid_types": {
        "value": [],
        "editable": true
      }
    },
    "visible": {
      "value": true,
      "editable": false
    },
    "ui_value_displayable": {
      "value": true,
      "editable": false
    }
  },
  "id": {
    "name": {
      "value": "Id",
      "editable": true
    },
    "description": {
      "value": "",
      "editable": true
    },
    "custom_metadata": {
      "value": "",
      "editable": true
    },
    "entity_type": {
      "value": "Version_sg_deliveries_Connection",
      "editable": false
    },
    "data_type": {
      "value": "number",
      "editable": false
    },
    "editable": {
      "value": false,
      "editable": false
    },
    "mandatory": {
      "value": false,
      "editable": false
    },
    "unique": {
      "value": false,
      "editable": false
    },
    "properties": {
      "default_value": {
        "value": null,
        "editable": false
      },
      "summary_default": {
        "value": "none",
        "editable": false
      }
    },
    "visible": {
      "value": true,
      "editable": false
    },
    "ui_value_displayable": {
      "value": true,
      "editable": false
    }
  }
}