field_name,data_type,is_multi_entity,valid_types,description
end_date,date,False,,
start_date,date,False,,
working,checkbox,False,,
user,entity,False,HumanUser,
description,text,False,,
cached_display_name,text,False,,
updated_by,entity,False,"HumanUser,ApiUser",
created_by,entity,False,"HumanUser,ApiUser",
created_at,date_time,False,,
updated_at,date_time,False,,
uuid,uuid,False,,
project,entity,False,Project,
precedence,number,False,,
day_of_week,number,False,,
id,number,False,,
